SEASON_ID,TEAM_ID,TEAM_ABBREVIATION,TEAM_NAME,GAME_DATE,MATCHUP,WL,PTS,FGM,FGA,FG3M,FG3A,FTM,FTA,OREB,DREB,REB,AST,TOV,STL,BLK,PF,MIN,PLUS_MINUS,IS_HOME,RESULT,OPP_PTS,POINT_DIFF,DAYS_SINCE_LAST_GAME,B2B_FLAG,THREE_IN_FOUR_FLAG,GAME_EFG_PCT,GAME_TOV_PCT,GAME_FTR,GAME_PACE_PROX,OPP_DREB,GAME_ORB_PCT_OFF,ROLL_WIN_PCT_3,ROLL_PTS_FOR_3,ROLL_PTS_AGAINST_3,ROLL_NET_RATING_3,ROLL_MARGIN_STD_3,ROLL_EFG_PCT_3,ROLL_TOV_PCT_3,ROLL_ORB_PCT_OFF_3,ROLL_FTR_3,ROLL_PACE_PROX_3,ROLL_WIN_PCT_5,ROLL_PTS_FOR_5,ROLL_PTS_AGAINST_5,ROLL_NET_RATING_5,ROLL_MARGIN_STD_5,ROLL_EFG_PCT_5,ROLL_TOV_PCT_5,ROLL_ORB_PCT_OFF_5,ROLL_FTR_5,ROLL_PACE_PROX_5,ROLL_WIN_PCT_10,ROLL_PTS_FOR_10,ROLL_PTS_AGAINST_10,ROLL_NET_RATING_10,ROLL_MARGIN_STD_10,ROLL_EFG_PCT_10,ROLL_TOV_PCT_10,ROLL_ORB_PCT_OFF_10,ROLL_FTR_10,ROLL_PACE_PROX_10,ROLL_WIN_PCT_20,ROLL_PTS_FOR_20,ROLL_PTS_AGAINST_20,ROLL_NET_RATING_20,ROLL_MARGIN_STD_20,ROLL_EFG_PCT_20,ROLL_TOV_PCT_20,ROLL_ORB_PCT_OFF_20,ROLL_FTR_20,ROLL_PACE_PROX_20,SOS_OPP_NET_10,SOS_OPP_NET_10_INCL_CURRENT,WIN,ELO_PRE,SECOND_LAST_GAME_DATE,N_COMPLETED_GAMES
42025,1610612737,ATL,Atlanta Hawks,2026-04-30,ATL vs. NYK,L,89,31,82,9,35,18,23,11,24,35,22,19,5,4,22,240,-51,1,0,140,-51,2.0,0,0,0.4329268292682927,0.17098632109431244,0.2804878048780488,100.12,37,0.22916666189236123,0.3333333333333333,101.33333333333333,116.0,-14.666666666666671,15.044378795195676,0.5076818903521061,0.13623586982276217,0.22635658402099226,0.26944989259363034,98.97333333333331,0.4,102.6,113.4,-10.800000000000011,12.61744823647,0.5179339532832092,0.12737007208159395,0.20062573286005136,0.2621382199325085,98.67999999999999,0.4,111.6,114.9,-3.3000000000000114,19.641509333268875,0.5426882999190763,0.1244829461115274,0.2378272759472182,0.23717319506379075,101.296,0.6,116.95,113.45,3.5,19.272287166591806,0.5558073927423883,0.1208327964286511,0.2572265976628891,0.23293763111914934,102.518,2.4,4.749999999999998,0.0,1573.9233324609954,2026-04-28,416
42025,1610612738,BOS,Boston Celtics,2026-05-02,BOS vs. PHI,L,100,37,93,13,49,13,16,10,34,44,19,5,4,7,23,240,-9,1,0,109,-9,2.0,0,0,0.46774193548387094,0.0476009139375476,0.17204301075268819,95.04,41,0.19607842752787397,0.3333333333333333,106.0,105.0,1.0,26.888659319497524,0.5251179610090435,0.11544244950282005,0.2660818654169233,0.25543751945993726,97.49333333333334,0.4,104.6,105.2,-0.6000000000000085,20.65913841378676,0.5219094504852984,0.12515263471817734,0.31157219263834446,0.23568725852018488,94.976,0.6,112.2,105.7,6.5,18.76314354140999,0.5553706051003393,0.12260770598252173,0.27929457638753463,0.21604115252227088,97.51599999999999,0.7,114.5,106.15,8.349999999999994,15.862152903589154,0.5587195855342165,0.11859437895453376,0.2850989307702138,0.23550190820075007,98.09200000000001,0.35,-1.510000000000001,0.0,1688.1289596993956,2026-04-30,417
42025,1610612739,CLE,Cleveland Cavaliers,2026-05-01,CLE @ TOR,L,110,40,93,11,41,19,27,19,33,52,23,18,8,4,21,265,-2,0,0,112,-2,2.0,0,0,0.489247311827957,0.146484375,0.2903225806451613,103.88,28,0.40425531054775937,0.3333333333333333,106.0,113.0,-7.0,13.747727084867522,0.5327089541648927,0.16310696613862277,0.2681347953318653,0.2979991485738612,100.18666666666667,0.6,111.8,111.4,0.3999999999999915,14.08190328045186,0.5697071812152826,0.15493033321601252,0.2496528043600918,0.30094733980622357,100.512,0.7,117.2,114.8,2.4000000000000057,13.993649353268147,0.572329551922658,0.14087349564185575,0.2711445430525257,0.2969973429728648,101.876,0.7,119.1,117.0,2.0999999999999943,12.590305376506329,0.5749564408710444,0.126935067267046,0.2562610544091358,0.30019952815416817,101.446,2.4599999999999995,3.3899999999999992,,1629.3129653936974,2026-04-29,416
22025,1610612740,NOP,New Orleans Pelicans,2026-04-12,NOP @ MIN,L,126,45,107,5,21,31,38,20,32,52,20,9,9,6,28,240,-6,0,0,132,-6,2.0,0,0,0.4439252336448598,0.06781193490054249,0.35514018691588783,112.72,35,0.3636363570247935,0.3333333333333333,127.33333333333333,131.0,-3.6666666666666714,22.50185177565023,0.540969414495358,0.12156793852444527,0.2365389031196442,0.3193508535489667,112.38666666666666,0.2,120.2,125.6,-5.3999999999999915,16.334013591276335,0.5376768867924528,0.13061882769736008,0.2318836346927368,0.3035152740341419,107.768,0.1,113.9,124.2,-10.299999999999997,14.28324581847947,0.5235049045689358,0.1149767153094287,0.2305555887752136,0.2734556043717486,104.024,0.35,116.45,119.25,-2.799999999999997,15.278467820673914,0.5354678210875301,0.12247919681192887,0.26107214543775425,0.30036690900517166,103.426,1.1100000000000008,0.7500000000000014,,1382.2137587666434,2026-04-10,410
22025,1610612741,CHI,Chicago Bulls,2026-04-12,CHI @ DAL,L,128,52,106,10,38,14,19,13,29,42,30,13,12,3,20,240,-21,0,0,149,-21,2.0,0,1,0.5377358490566038,0.10207286432160805,0.1792452830188679,114.36,41,0.24074073628257897,0.6666666666666666,117.0,111.0,6.0,27.83882181415011,0.5247181659684911,0.13718305823772456,0.2342001524603242,0.2849672738556368,108.44,0.4,111.4,117.8,-6.3999999999999915,28.076680715497695,0.5159298006799958,0.1434542727008681,0.24015645294627727,0.2857273457270302,106.176,0.2,117.1,127.6,-10.5,19.906726947888195,0.5285653559220702,0.1367795380625419,0.2333644798248066,0.2977486906161854,109.03600000000002,0.3,117.25,124.55,-7.299999999999997,17.53522770101135,0.5375879883425053,0.13594262170880497,0.23838604830030313,0.2698607715661091,107.83600000000001,-3.109999999999998,-3.7399999999999993,,1295.614931197232,2026-04-10,410
22025,1610612742,DAL,Dallas Mavericks,2026-04-12,DAL vs. CHI,W,149,52,100,22,49,23,27,16,41,57,35,18,10,5,24,240,21,1,1,128,21,2.0,0,0,0.63,0.13858946720049276,0.27,113.88,29,0.3555555476543212,0.0,110.0,122.33333333333333,-12.333333333333329,7.023769168568494,0.46815944355270195,0.08145160829945695,0.2557414286057689,0.24035618741878764,102.12,0.2,118.2,126.6,-8.399999999999991,9.476286192385695,0.5087186326387982,0.08287633202462259,0.23503597474534205,0.2912950521641913,103.968,0.2,115.0,125.2,-10.200000000000003,11.933147112141064,0.5059999884087912,0.10359034006325436,0.21478430288926997,0.3080935291156896,105.708,0.2,114.25,125.25,-11.0,12.97365752105721,0.5140349734306098,0.1162434485992025,0.2443342998765404,0.28095227252216337,104.64200000000001,0.8600000000000009,0.5100000000000009,1.0,1274.5656033003982,2026-04-10,410
42025,1610612743,DEN,Denver Nuggets,2026-04-30,DEN @ MIN,L,98,34,75,10,27,20,25,6,27,33,24,13,4,8,26,240,-12,0,0,110,-12,3.0,0,0,0.52,0.13131313131313133,0.3333333333333333,93.0,31,0.16216215777940116,0.3333333333333333,105.66666666666667,112.66666666666667,-7.0,16.462077633154326,0.4788557087897427,0.10938999714549165,0.17852931683413006,0.37028292592855294,101.97333333333331,0.4,109.4,112.4,-3.0,14.053469322555198,0.49197795347486134,0.10650808495351789,0.16570344736606324,0.3677992663831141,103.328,0.7,121.1,117.2,3.8999999999999915,12.913816889930992,0.54533013504681,0.10344824481512593,0.22473537080552272,0.28875601560399183,104.252,0.75,123.75,117.2,6.549999999999997,11.944939470226231,0.5727006091504003,0.1088867607756862,0.2167662841276321,0.28304616005333366,104.16,4.879999999999998,3.289999999999999,,1688.2871127771941,2026-04-27,416
22025,1610612744,GSW,Golden State Warriors,2026-04-12,GSW @ LAC,L,110,36,86,11,39,27,32,16,31,47,24,10,3,3,21,240,-5,0,0,115,-5,2.0,0,1,0.48255813953488375,0.09084302325581395,0.37209302325581395,94.08,34,0.31999999360000014,0.3333333333333333,110.33333333333333,116.0,-5.666666666666671,10.50396750439247,0.5615025594700395,0.16066551858427816,0.2819731011748657,0.26217002910769854,96.71999999999998,0.2,111.6,116.6,-5.0,7.778174593052,0.5535682023486902,0.1367604874138026,0.2525171920706601,0.2474742565730284,97.952,0.4,114.1,118.9,-4.800000000000011,10.17404104135183,0.5657741460880548,0.14895870189871255,0.25668757200068437,0.27109451383635264,100.756,0.3,112.6,118.5,-5.900000000000006,9.261692467817168,0.5461498213833706,0.14384948446580312,0.2732536446430161,0.2511527471631325,101.33200000000001,-2.539999999999998,-0.8699999999999989,,1356.9540042932972,2026-04-10,410
42025,1610612745,HOU,Houston Rockets,2026-05-01,HOU vs. LAL,L,78,28,80,5,28,17,24,8,37,45,13,14,6,9,23,240,-20,1,0,98,-20,2.0,0,0,0.38125,0.13389441469013005,0.3,96.56,39,0.1702127623358987,0.6666666666666666,107.33333333333333,100.33333333333333,7.0,11.532562594670797,0.5177248677248678,0.12334819131098824,0.2664258622660916,0.3169144200890233,98.25333333333333,0.4,102.8,101.8,1.0,11.597413504743216,0.4864957397722892,0.12293103020924238,0.31465635275987214,0.2866087221271122,97.224,0.6,112.7,106.9,5.799999999999997,12.916827955982283,0.525047481888899,0.1228639250608438,0.34065547680636976,0.27176668692827344,99.548,0.65,116.9,108.8,8.100000000000009,14.044665591567025,0.5498326947769157,0.12004665470849736,0.32161493705881417,0.26396804435289156,99.884,-0.9900000000000005,-0.05000000000000142,0.0,1653.5796062680777,2026-04-29,416
22025,1610612746,LAC,LA Clippers,2026-04-12,LAC vs. GSW,W,115,42,89,14,39,17,19,10,34,44,27,10,3,4,24,240,5,1,1,110,5,2.0,0,0,0.550561797752809,0.09314456035767511,0.21348314606741572,97.36,31,0.24390243307555043,0.3333333333333333,107.66666666666667,115.66666666666667,-8.0,18.19340539866024,0.5267663170376147,0.13528099272953506,0.2272408914842695,0.2426653022606098,100.71999999999998,0.4,112.0,114.8,-2.799999999999997,22.45439823286297,0.5357185092501517,0.1250082806943667,0.22801119943917286,0.22996103268876414,101.86399999999999,0.6,115.3,110.4,4.8999999999999915,20.62064768893333,0.5702946138178965,0.1242016350665585,0.2270575804023062,0.2612228255079043,99.412,0.55,117.8,114.55,3.25,16.379946018804436,0.5727803727233454,0.11689961225053176,0.23519115513522473,0.28729210430142277,99.97999999999999,0.12000000000000313,0.7700000000000017,1.0,1534.1801728406342,2026-04-10,410
42025,1610612747,LAL,Los Angeles Lakers,2026-05-01,LAL @ HOU,W,98,36,89,12,28,14,24,15,39,54,19,11,4,9,19,240,20,0,1,78,20,2.0,0,0,0.47191011235955055,0.09949348769898697,0.2696629213483146,95.56,37,0.2884615329142013,0.3333333333333333,100.33333333333333,107.33333333333333,-7.0,11.532562594670805,0.5192836907527113,0.18455979006245204,0.2787302652605068,0.3480367442725871,97.39999999999999,0.6,101.8,102.8,-1.0,11.597413504743225,0.5576560730374854,0.18199217385488314,0.2432562562591481,0.3653877031292088,95.392,0.6,107.5,105.4,2.0999999999999943,19.570101913094078,0.5755469574995852,0.162416140530453,0.23512243077760955,0.3331811720150365,96.93199999999999,0.7,112.2,109.35,2.8500000000000085,18.172492225454672,0.5760456996051359,0.1450140662585881,0.23686648128902638,0.3636192259563086,98.096,4.679999999999997,6.269999999999998,,1649.607881280291,2026-04-29,416
22025,1610612748,MIA,Miami Heat,2026-04-12,MIA vs. ATL,W,143,58,103,15,37,12,17,13,32,45,34,7,11,3,14,240,26,1,1,117,26,2.0,0,1,0.6359223300970874,0.059584610146407896,0.1650485436893204,104.48,33,0.28260868950850676,0.3333333333333333,116.33333333333333,122.0,-5.666666666666671,25.540817005987368,0.5981416957026712,0.14851631658584596,0.22091502652163722,0.23219869561332976,101.65333333333332,0.4,126.0,129.8,-3.8000000000000114,21.844907873461032,0.6111883564142457,0.1292808388833241,0.23558265934326722,0.2608585495694693,104.008,0.4,122.6,128.1,-5.5,19.500712237705013,0.5743568366641785,0.11471162474400534,0.21982760398949358,0.2697652558298272,104.292,0.5,122.9,123.35,-0.44999999999998863,18.222239159883724,0.5590783111867308,0.10827791487890168,0.24779510181132186,0.2904433976010781,104.09400000000001,-0.7399999999999991,-0.5399999999999991,1.0,1482.4877972580932,2026-04-10,410
22025,1610612749,MIL,Milwaukee Bucks,2026-04-12,MIL @ PHI,L,106,39,90,13,47,15,22,12,33,45,26,19,8,2,15,240,-20,0,0,126,-20,2.0,0,0,0.5055555555555555,0.16009437141894167,0.24444444444444444,106.68,34,0.2608695595463139,0.3333333333333333,108.66666666666667,113.66666666666667,-5.0,21.517434791350013,0.5819456407311704,0.1643840192011591,0.251506284606508,0.20729256388171122,97.96,0.4,111.6,117.8,-6.200000000000003,22.851695779525862,0.598564974800148,0.15941444360456963,0.25039225915324026,0.21353216483505078,98.032,0.3,110.1,119.1,-9.0,21.766436956419348,0.5764326526501501,0.16116865177007358,0.2415917909468789,0.20185346138964738,99.868,0.3,108.65,119.55,-10.899999999999991,19.880961535573356,0.573621272144874,0.15473553015259553,0.21602688482722807,0.21439534204203808,99.44800000000001,-0.24999999999999858,-0.9799999999999983,,1308.9549026521113,2026-04-10,410
42025,1610612750,MIN,Minnesota Timberwolves,2026-04-30,MIN vs. DEN,W,110,43,94,7,29,17,24,19,31,50,26,8,8,3,21,240,12,1,1,98,12,3.0,0,0,0.4946808510638298,0.0710732054015636,0.2553191489361702,93.56,27,0.41304346928166374,0.6666666666666666,112.66666666666667,105.66666666666667,7.0,16.46207763315432,0.5301721116227177,0.1397189763415662,0.3048497319637368,0.2672973001191759,101.60000000000001,0.6,112.4,109.4,3.0,14.05346932255517,0.533812079234167,0.12865881289980866,0.2516424926508892,0.2707232076577125,102.47200000000001,0.6,118.2,116.3,1.9000000000000057,13.295362600044658,0.5642689745026933,0.12868620516274906,0.2526517647299714,0.2730100252298159,102.75999999999999,0.55,114.3,111.65,2.6499999999999915,15.842232033065079,0.5381335637699247,0.13120170313541496,0.24860427255919842,0.2625807239938033,104.17999999999999,5.329999999999998,3.9199999999999973,1.0,1625.8976715206725,2026-04-27,416
22025,1610612751,BKN,Brooklyn Nets,2026-04-12,BKN @ TOR,L,101,35,86,9,34,22,29,13,25,38,21,16,9,0,27,240,-35,0,0,136,-35,2.0,0,1,0.45930232558139533,0.1394214011850819,0.3372093023255814,101.76,40,0.24528301423994314,0.3333333333333333,99.33333333333333,112.66666666666667,-13.333333333333343,17.7857620959388,0.49553571428571397,0.11216232073491421,0.13187134220708943,0.23168650793650783,98.83999999999999,0.4,105.2,118.8,-13.599999999999994,18.928814014618037,0.5260182064770673,0.12456443415499482,0.1457894702779574,0.24191754342703703,100.088,0.3,103.2,116.9,-13.700000000000003,19.014906433287187,0.5142521084314785,0.13895900766153466,0.16229793327173997,0.25927541077401334,100.872,0.25,103.5,115.95,-12.450000000000003,16.614752480852673,0.5138446277037034,0.14955208774007892,0.2037710716380443,0.2731593800647997,100.44,-3.2400000000000033,-3.0000000000000044,,1191.4724164306838,2026-04-10,410
42025,1610612752,NYK,New York Knicks,2026-04-30,NYK @ ATL,W,140,50,85,13,36,27,34,9,37,46,33,10,16,6,22,240,51,0,1,89,51,2.0,0,0,0.6647058823529411,0.09094216078574026,0.4,100.96000000000001,24,0.2727272644628102,0.6666666666666666,116.0,101.33333333333333,14.666666666666671,15.044378795195676,0.5671415756943657,0.13126232860308448,0.2956013142074797,0.307513981337081,99.62666666666667,0.6,113.4,102.6,10.800000000000011,12.61744823646999,0.5525837959913321,0.12467574368784402,0.27257609725196663,0.32157735431949,99.19200000000001,0.7,113.1,102.5,10.599999999999994,15.72824776565329,0.5675090835878517,0.11616064017997751,0.2555158437687072,0.2754348920559599,96.676,0.7,113.2,105.5,7.700000000000003,15.614096195425475,0.5621765574342843,0.12277202945422505,0.29312397559953807,0.25527118539200416,96.338,5.709999999999999,6.2399999999999975,,1714.4961179376987,2026-04-28,416
42025,1610612753,ORL,Orlando Magic,2026-05-01,ORL vs. DET,L,79,27,78,9,36,16,21,8,30,38,20,11,6,4,22,240,-14,1,0,93,-14,2.0,0,0,0.40384615384615385,0.11197068403908796,0.2692307692307692,90.24,38,0.17391303969754263,0.6666666666666666,105.33333333333333,103.0,2.3333333333333286,8.144527815247056,0.48167134831460673,0.1221743496383294,0.2671188508959978,0.371783911415079,102.56,0.6,102.2,101.6,0.6000000000000085,11.104053313993063,0.472891697877653,0.128656147337104,0.25932791224922364,0.3452925690712696,101.424,0.7,111.3,105.9,5.3999999999999915,11.64474130240773,0.5058238492399565,0.1300908434491404,0.27585725137866207,0.3434481521808118,104.04400000000001,0.5,112.75,114.75,-2.0,17.084927182815427,0.5165157881461251,0.1369028818224098,0.2539436710709801,0.34180131404703085,104.51400000000001,5.640000000000002,6.770000000000001,0.0,1635.929460391834,2026-04-29,416
22025,1610612754,IND,Indiana Pacers,2026-04-12,IND vs. DET,L,121,41,90,23,54,16,20,8,23,31,31,16,15,6,17,240,-12,1,0,133,-12,2.0,0,1,0.5833333333333334,0.13937282229965156,0.2222222222222222,106.8,36,0.18181817768595052,0.3333333333333333,107.0,107.66666666666667,-0.6666666666666714,26.08320021265285,0.5189552782507771,0.1641711466039251,0.20155754161606312,0.26338306181750404,105.2,0.2,107.4,113.8,-6.3999999999999915,20.489021450523207,0.5164869453950776,0.1388296443858708,0.21672262544916115,0.24697707389970475,102.15200000000002,0.4,118.8,119.0,-0.20000000000000284,16.956152603439,0.5806725587784347,0.1342199206002525,0.1955792901820482,0.22067675134087184,103.71600000000001,0.2,115.15,122.4,-7.25,14.516324748727776,0.560579980974756,0.1273689399125365,0.19838277899714024,0.22799836710169114,102.81200000000001,1.740000000000002,2.340000000000002,0.0,1271.2123011665142,2026-04-10,410
42025,1610612755,PHI,Philadelphia 76ers,2026-05-02,PHI @ BOS,W,109,39,82,11,28,20,23,3,41,44,25,9,0,1,19,240,9,0,1,100,9,2.0,0,0,0.5426829268292683,0.08900316455696203,0.2804878048780488,98.12,34,0.08108107888970058,0.6666666666666666,105.0,106.0,-1.0,26.88865931949749,0.5216346153846153,0.10068103520255976,0.14721768169709767,0.2694516469797369,96.01333333333334,0.6,105.2,104.6,0.6000000000000085,20.659138413786774,0.5307968611847922,0.09868738380875638,0.20334117719694808,0.2228970418276889,94.384,0.5,105.2,107.4,-2.200000000000003,19.70786644972003,0.5052322160879463,0.10631612196354046,0.23053153012125754,0.23836359929951106,97.95200000000001,0.55,113.05,113.75,-0.7000000000000028,19.10111597731786,0.5305822564103537,0.10812678853898136,0.23969474185275824,0.23945405576726503,100.794,8.959999999999997,7.889999999999999,,1615.6656226294645,2026-04-30,417
42025,1610612756,PHX,Phoenix Suns,2026-04-27,PHX vs. OKC,L,122,48,90,14,39,12,16,10,23,33,24,12,10,6,25,240,-9,1,0,131,-9,2.0,0,0,0.6111111111111112,0.11005135730007336,0.17777777777777778,99.04,26,0.2777777700617286,0.0,100.0,120.0,-20.0,12.999999999999996,0.4875781693372543,0.1543805575777025,0.27969897698996954,0.2466862717944122,98.90666666666668,0.2,101.6,112.8,-11.200000000000003,26.071056748816314,0.49986334753265993,0.1570282614138307,0.3062887708247086,0.2144384057409138,98.32000000000001,0.3,106.3,114.2,-7.900000000000006,19.604137885207354,0.5116486571574707,0.14615740495069035,0.27269935529269623,0.25338136093710933,100.372,0.35,111.5,112.7,-1.2000000000000028,18.260108952231594,0.5300421143737185,0.12469615026338701,0.28301104782445374,0.2468896219797594,100.216,4.839999999999998,7.109999999999998,0.0,1518.33170446587,2026-04-25,414
42025,1610612757,POR,Portland Trail Blazers,2026-04-28,POR @ SAS,L,95,33,94,11,47,18,23,14,24,38,24,9,8,2,28,240,-19,0,0,114,-19,2.0,0,0,0.4095744680851064,0.07956152758132956,0.24468085106382978,99.12,35,0.28571427988338205,0.3333333333333333,102.33333333333333,112.33333333333333,-10.0,12.124355652982132,0.48379629629629645,0.13153902397671707,0.268134272244292,0.289383062838119,99.33333333333333,0.4,105.4,111.6,-6.199999999999989,13.367871932360801,0.4958919655701834,0.11949738828361078,0.2709757990947838,0.22970643437352747,99.776,0.5,110.8,111.4,-0.6000000000000085,13.558105406811896,0.5224205124098786,0.130638948126357,0.29946968672960517,0.23858069138642946,100.884,0.6,113.8,108.45,5.349999999999994,16.82502834908068,0.5372618065042535,0.14443001606595168,0.31249641877809625,0.277095068398572,102.43199999999999,7.050000000000002,7.410000000000002,,1548.5165973197745,2026-04-26,415
22025,1610612758,SAC,Sacramento Kings,2026-04-12,SAC @ POR,L,110,40,83,7,21,23,31,15,32,47,24,17,7,8,18,240,-12,0,0,122,-12,2.0,0,0,0.5240963855421686,0.1495952129531855,0.37349397590361444,98.64,28,0.3488372011898325,0.3333333333333333,112.66666666666667,122.0,-9.333333333333329,17.897858344878394,0.5576718250260199,0.14871201443199786,0.3296172346613906,0.2709062961359154,100.74666666666667,0.6,115.6,118.8,-3.200000000000003,15.254507530562895,0.5522842544359017,0.13916620926356918,0.33891561859129926,0.2700317003868632,100.76,0.4,112.3,121.0,-8.700000000000003,16.938122682280927,0.5454612751562963,0.13282831555336314,0.32710456494385876,0.2504893944828689,99.136,0.4,112.9,120.6,-7.699999999999989,15.603980598754791,0.5425801935297834,0.12468121987203781,0.2856436279836597,0.24075504268929437,100.566,-1.8299999999999983,0.5400000000000006,,1305.4323335407842,2026-04-10,410
42025,1610612759,SAS,San Antonio Spurs,2026-04-28,SAS vs. POR,W,114,41,75,12,30,20,29,7,35,42,27,17,5,8,24,240,19,1,1,95,19,2.0,0,0,0.6266666666666667,0.16227567773959525,0.38666666666666666,97.76,24,0.22580644432882438,0.6666666666666666,112.33333333333333,102.33333333333333,10.0,12.124355652982139,0.5401630580058808,0.13319308614373682,0.28169785668172426,0.28094092488639405,100.70666666666666,0.6,113.2,106.6,6.6000000000000085,12.700393694685227,0.5432536789593726,0.1217694883450523,0.2755074369681049,0.250166286533568,99.88,0.7,118.4,109.1,9.300000000000011,10.61497893440104,0.5579591656165501,0.11888948940393615,0.27538619392888325,0.2433827437446628,101.636,0.85,121.35,108.1,13.25,10.900869110691174,0.5645659394721532,0.11464201926261326,0.2907562836208152,0.2443892928112236,101.912,5.829999999999998,5.409999999999998,1.0,1837.87331617515,2026-04-26,415
42025,1610612760,OKC,Oklahoma City Thunder,2026-04-27,OKC @ PHX,W,131,44,82,17,34,26,30,13,26,39,28,17,5,4,20,240,9,0,1,122,9,2.0,0,0,0.6402439024390244,0.15151515151515152,0.36585365853658536,99.2,23,0.36111110108024724,1.0,120.0,100.0,20.0,13.00000000000001,0.545590610106739,0.0783965949179562,0.2944030741133227,0.25093544448383154,97.45333333333333,0.6,114.0,112.4,1.5999999999999943,27.153268679847724,0.5316074229486792,0.08756248451937215,0.26819739827474265,0.19375105935377585,98.91999999999999,0.8,122.0,107.6,14.400000000000006,24.940818840696554,0.5818867569440631,0.10550002355875379,0.2459190921780796,0.21116410463268992,101.11600000000001,0.85,120.45,107.65,12.799999999999997,18.958680833522365,0.5706231801808552,0.10351029928115167,0.24626459955578098,0.24295299538110413,100.71000000000001,2.7400000000000007,0.7399999999999991,,1800.5022462968502,2026-04-25,414
42025,1610612761,TOR,Toronto Raptors,2026-05-01,TOR vs. CLE,W,112,40,87,13,36,19,23,10,28,38,27,16,13,9,25,265,2,1,1,110,2,2.0,0,0,0.5344827586206896,0.14144271570014144,0.26436781609195403,103.12,33,0.23255813412655504,0.6666666666666666,113.0,106.0,7.0,13.74772708486751,0.5124946208393361,0.11031824154927716,0.3225488427111503,0.29189040856674203,102.36,0.4,111.4,111.8,-0.3999999999999915,14.081903280451845,0.5396705379880748,0.13979176898411086,0.2817344313650203,0.3146896498575067,101.592,0.5,113.8,109.6,4.200000000000003,18.855002283508504,0.5639070907247474,0.1274681694140962,0.2422477248257183,0.29811715651384374,100.144,0.5,117.2,111.55,5.650000000000006,21.909562920524483,0.5773534353922233,0.12693934631032494,0.24672119609616922,0.3023577127009336,101.164,0.4299999999999969,-0.290000000000002,1.0,1566.735036185021,2026-04-29,416
22025,1610612762,UTA,Utah Jazz,2026-04-12,UTA @ LAL,L,107,41,94,7,34,18,27,17,25,42,25,16,13,4,14,240,-24,0,0,131,-24,2.0,0,0,0.4734042553191489,0.13127666557269446,0.2872340425531915,104.88,38,0.3090909034710745,0.3333333333333333,131.66666666666666,134.33333333333334,-2.6666666666666856,42.8991064398005,0.563170163170163,0.12430762475769824,0.24252136261265914,0.1784382284382283,116.88,0.2,123.6,134.6,-11.0,33.249060137092606,0.5379569224635015,0.11683120873121633,0.2549467777669546,0.20552784934363882,111.66400000000002,0.1,120.6,134.0,-13.400000000000006,22.9937189491198,0.5432688005064698,0.12020100519417773,0.23643149246302944,0.2439922668944649,108.876,0.2,117.25,126.5,-9.25,20.516681274668084,0.5360573445485335,0.12612251678693903,0.26043686075092437,0.25492641602063737,105.624,0.4800000000000054,0.6000000000000043,,1198.9115516616062,2026-04-10,410
22025,1610612763,MEM,Memphis Grizzlies,2026-04-12,MEM @ HOU,L,101,39,95,13,49,10,10,6,31,37,23,13,8,6,24,240,-31,0,0,132,-31,2.0,0,0,0.4789473684210526,0.11565836298932383,0.10526315789473684,106.4,43,0.12244897709287803,0.0,115.33333333333333,141.66666666666666,-26.33333333333333,17.03917055884274,0.5397889455623545,0.10753722128082084,0.18310964028532437,0.14631726202095147,107.82666666666667,0.0,111.4,136.8,-25.400000000000006,13.371611720357386,0.5179015003297401,0.12253942723821162,0.22768493062827835,0.20983639301819737,106.048,0.1,111.3,131.1,-19.799999999999997,13.096225071031421,0.5310654144273854,0.1285110563018432,0.20215751206500165,0.22998243158728954,104.644,0.1,112.55,129.1,-16.549999999999997,13.14884425579516,0.5287649398394965,0.12891560425634035,0.22549427482825038,0.24143030280994804,104.46,-0.9399999999999977,-0.9399999999999977,,1161.6470576712659,2026-04-10,410
22025,1610612764,WAS,Washington Wizards,2026-04-12,WAS @ CLE,L,117,42,90,18,41,15,19,7,23,30,29,13,10,2,21,240,-13,0,0,130,-13,2.0,0,1,0.5666666666666667,0.11673850574712644,0.2111111111111111,104.36,36,0.16279069388858852,0.0,107.66666666666667,129.33333333333334,-21.66666666666667,10.06644591369433,0.5060632232333445,0.15407291432064416,0.22128416002109785,0.22586998651836873,107.42666666666666,0.0,114.8,132.2,-17.39999999999999,9.864076236526152,0.5368001025571552,0.14701745293855314,0.2545958900563411,0.25169108672831286,106.832,0.1,115.3,129.8,-14.500000000000014,16.413070672146894,0.540660658435715,0.13169440387506862,0.22000446175034677,0.22210376477768837,106.63199999999999,0.05,114.8,130.2,-15.399999999999991,12.675712374873688,0.5504384734644406,0.142051570962218,0.21660125716647785,0.23852585954929664,105.806,-5.5200000000000005,-4.69,,1099.3393803169258,2026-04-10,410
42025,1610612765,DET,Detroit Pistons,2026-05-01,DET @ ORL,W,93,32,80,9,27,20,26,14,38,52,16,11,5,8,21,240,14,0,1,79,14,2.0,0,0,0.45625,0.1073799297149551,0.325,88.44,30,0.3181818109504134,0.3333333333333333,103.0,105.33333333333333,-2.3333333333333286,8.14452781524708,0.48821138211382104,0.15653788273335076,0.2891722032733286,0.35377211860353897,100.09333333333332,0.4,101.6,102.2,-0.6000000000000085,11.104053313993028,0.4852568521865509,0.1587149660223342,0.27741636308545276,0.3674351580987162,100.712,0.6,111.9,105.9,6.0,15.143755588800687,0.5393705797544299,0.14808303188626154,0.3169681030812984,0.32330359710632905,100.18,0.7,115.55,107.25,8.299999999999997,12.549271314555112,0.5529673418243599,0.14140053704517735,0.2994218899301334,0.30580153827754497,101.834,1.0000000000000013,1.1700000000000004,,1699.1324465116431,2026-04-29,416
22025,1610612766,CHA,Charlotte Hornets,2026-04-12,CHA @ NYK,W,110,39,85,19,52,13,17,12,34,46,27,18,7,7,13,240,14,0,1,96,14,2.0,0,0,0.5705882352941176,0.16292541636495292,0.2,98.48,27,0.3076922998027616,0.3333333333333333,108.0,113.0,-5.0,16.822603841260726,0.5251152832674576,0.13135321375069256,0.3277241751468695,0.190711462450593,96.81333333333333,0.6,116.0,110.8,5.200000000000003,18.349386910739003,0.558483148455098,0.11966450373887016,0.31547508164384924,0.17793494198648477,98.52799999999999,0.6,115.8,106.5,9.299999999999997,20.75277759187377,0.5579352688803063,0.12081396450253992,0.3256622347591313,0.2165903050123143,97.892,0.65,116.2,106.3,9.900000000000006,18.61776175139158,0.5593562630400769,0.12428885489622594,0.3069829517005132,0.22454667570404435,99.27799999999999,2.2800000000000025,3.4200000000000017,,1653.6802973693927,2026-04-10,410
